Condition	Cosine similarity
once normed	0.9209706417931285
av once normed	0.9443250703052755
twice normed	0.7664664690673418
av twice normed	0.7522114572605404
