Condition	Cosine similarity
once normed	0.7757841153412278
av once normed	0.7781154388494333
twice normed	0.7068545172743985
av twice normed	0.7055092880348428
