Condition	Cosine similarity
once normed	0.8723902368573925
av once normed	0.875873351421801
twice normed	0.7257619518479026
av twice normed	0.722937534648471
