Condition	Cosine similarity
once normed	0.9523930123864249
av once normed	0.9555652068977566
twice normed	0.9065769282056387
av twice normed	0.9145400264383267
