Condition	Cosine similarity
once normed	0.9646362352306915
av once normed	0.9868030518412084
twice normed	0.873415761754428
av twice normed	0.9186492286795223
