Condition	Cosine similarity
once normed	0.8360655989789023
av once normed	0.8439618120217449
twice normed	0.7381924811508183
av twice normed	0.7412258175636866
