Condition	Cosine similarity
once normed	0.5823895156960777
av once normed	0.5824713823813009
twice normed	0.5616307678933797
av twice normed	0.562145963247558
