Condition	Cosine similarity
once normed	0.5203319432533725
av once normed	0.5178734587005297
twice normed	0.4655212897935793
av twice normed	0.46336798184977934
