Condition	Cosine similarity
once normed	0.521678824341769
av once normed	0.5218823071808232
twice normed	0.44370193748913067
av twice normed	0.44713087158336395
