Condition	Cosine similarity
once normed	0.9568015809433109
av once normed	0.9658834166760207
twice normed	0.9051333105952145
av twice normed	0.9158137828902135
