Condition	Cosine similarity
once normed	0.49455060042577237
av once normed	0.4942520976074558
twice normed	0.4339532463597282
av twice normed	0.43410480597131706
