Condition	Cosine similarity
once normed	0.7814993950253312
av once normed	0.7859830373952108
twice normed	0.7012697555129859
av twice normed	0.7041538075132293
