Condition	Cosine similarity
once normed	0.8681957001369638
av once normed	0.8717332599515442
twice normed	0.7602186751881292
av twice normed	0.7591106567634783
