Condition	Cosine similarity
once normed	0.9903970997094798
av once normed	0.9903620051623468
twice normed	0.9548255690456854
av twice normed	0.9519866143101441
