Condition	Cosine similarity
once normed	0.4306699680541828
av once normed	0.4268602434285115
twice normed	0.452487296359563
av twice normed	0.4489412941615101
