Condition	Cosine similarity
once normed	0.9781053078977217
av once normed	0.9784088946227412
twice normed	0.9474887202329343
av twice normed	0.9457655697036331
