Condition	Cosine similarity
once normed	0.9638161581561435
av once normed	0.9635686913244186
twice normed	0.9392885089207583
av twice normed	0.9428630797823877
