Condition	Cosine similarity
once normed	0.9363934628265281
av once normed	0.9509045716575124
twice normed	0.8037496408597813
av twice normed	0.7921404240901774
