Condition	Cosine similarity
once normed	0.8372229656940667
av once normed	0.868628805566775
twice normed	0.7456895579642054
av twice normed	0.7562981129911324
