Condition	Cosine similarity
once normed	0.9052870907210253
av once normed	0.9047648360408096
twice normed	0.923347127856389
av twice normed	0.9226534913948304
