Condition	Cosine similarity
once normed	0.9952182896431541
av once normed	0.9976740582955888
twice normed	0.9697429482848638
av twice normed	0.9616386441170091
