Condition	Cosine similarity
once normed	0.7992149901681688
av once normed	0.7997410579773643
twice normed	0.8642223494757454
av twice normed	0.8639836711064142
