Condition	Cosine similarity
once normed	0.5650032054417728
av once normed	0.5798157741710015
twice normed	0.5317720302530314
av twice normed	0.575395620406713
