Condition	Cosine similarity
once normed	0.4681459850100247
av once normed	0.46502784289997456
twice normed	0.43153952848978494
av twice normed	0.43168099693341455
