Condition	Cosine similarity
once normed	0.773770574592793
av once normed	0.7726724225397765
twice normed	0.71595122672679
av twice normed	0.7155023636164751
