Condition	Cosine similarity
once normed	0.5953693698881701
av once normed	0.6031987454322882
twice normed	0.5132669442136166
av twice normed	0.5378912443946826
