Condition	Cosine similarity
once normed	0.5578679964472262
av once normed	0.5577417501801355
twice normed	0.5155234469358999
av twice normed	0.5154122423901053
