Condition	Cosine similarity
once normed	0.5070133181981689
av once normed	0.5036195042285843
twice normed	0.4842985945709135
av twice normed	0.4886556214420935
