Condition	Cosine similarity
once normed	0.4820908682408366
av once normed	0.47982625918377697
twice normed	0.5192667408506265
av twice normed	0.519192221223919
